AuthorYear,Journal,Species,Notes,Group,Time,Time Unit,Type,Variable,VarType,Value,SD,Units,model_variable,transformation,AdjBaseline,Weight
Kaasjaver 1997,JASN,Human,6 Healthy male subjects,ET1,0,min,Input,Na Intake,Abs,196,33,mmol,NA,NA,N,NA
Kaasjaver 1997,JASN,Human,6 Healthy male subjects,ET3,0,min,Input,Na Intake,Abs,190,42,mmol,NA,NA,N,NA
Kaasjaver 1997,JASN,Human,6 Healthy male subjects,ET1,0,min,Input,ET1_infusion,Abs,0.5,NA,ng/kg/min,NA,NA,N,NA
Kaasjaver 1997,JASN,Human,6 Healthy male subjects,ET1,60,min,Input,ET1_infusion,Abs,1,NA,ng/kg/min,NA,NA,N,NA
Kaasjaver 1997,JASN,Human,6 Healthy male subjects,ET1,120,min,Input,ET1_infusion,Abs,2,NA,ng/kg/min,NA,NA,N,NA
Kaasjaver 1997,JASN,Human,6 Healthy male subjects,ET1,180,min,Input,ET1_infusion,Abs,0,NA,ng/kg/min,NA,NA,N,NA
Kaasjaver 1997,JASN,Human,6 Healthy male subjects,ET3,0,min,Input,ET3_infusion,Abs,0.5,NA,ng/kg/min,NA,NA,N,NA
Kaasjaver 1997,JASN,Human,6 Healthy male subjects,ET3,60,min,Input,ET3_infusion,Abs,1,NA,ng/kg/min,NA,NA,N,NA
Kaasjaver 1997,JASN,Human,6 Healthy male subjects,ET3,120,min,Input,ET3_infusion,Abs,2,NA,ng/kg/min,NA,NA,N,NA
Kaasjaver 1997,JASN,Human,6 Healthy male subjects,ET3,180,min,Input,ET3_infusion,Abs,0,NA,ng/kg/min,NA,NA,N,NA
Kaasjaver 1997,JASN,Human,6 Healthy male subjects,ET1,0,min,Output,Plasma ET1,Abs,3.2,0.4,pmol/L,ET1_cent,1,Y,1
Kaasjaver 1997,JASN,Human,6 Healthy male subjects,ET1,75,min,Output,Plasma ET1,Abs,5.76,0.4,pmol/L,ET1_cent,1,Y,1
Kaasjaver 1997,JASN,Human,6 Healthy male subjects,ET1,135,min,Output,Plasma ET1,Abs,7.04,0.4,pmol/L,ET1_cent,1,Y,1
Kaasjaver 1997,JASN,Human,6 Healthy male subjects,ET1,210,min,Output,Plasma ET1,Abs,8.7,1,pmol/L,ET1_cent,1,Y,1
Kaasjaver 1997,JASN,Human,6 Healthy male subjects,ET3,0,min,Output,Plasma ET3,Abs,1.9,0.7,pmol/L,ET1_cent,1,Y,1
Kaasjaver 1997,JASN,Human,6 Healthy male subjects,ET3,75,min,Output,Plasma ET3,Abs,3.42,0.7,pmol/L,ET1_cent,1,Y,1
Kaasjaver 1997,JASN,Human,6 Healthy male subjects,ET3,135,min,Output,Plasma ET3,Abs,4.085,0.7,pmol/L,ET1_cent,1,Y,1
Kaasjaver 1997,JASN,Human,6 Healthy male subjects,ET3,210,min,Output,Plasma ET3,Abs,4.5,0.7,pmol/L,ET1_cent,1,Y,1
Kaasjaver 1997,JASN,Human,6 Healthy male subjects,ET1,-30,min,Output,MAP,Abs,94.06606,1.91344,mmHg,mean_arterial_pressure_MAP,1,Y,10
Kaasjaver 1997,JASN,Human,6 Healthy male subjects,ET1,0,min,Output,MAP,Abs,93.01822,2.00456,mmHg,mean_arterial_pressure_MAP,1,Y,10
Kaasjaver 1997,JASN,Human,6 Healthy male subjects,ET1,30,min,Output,MAP,Abs,94.0205,2.91572,mmHg,mean_arterial_pressure_MAP,1,Y,10
Kaasjaver 1997,JASN,Human,6 Healthy male subjects,ET1,60,min,Output,MAP,Abs,94.93166,2.96128,mmHg,mean_arterial_pressure_MAP,1,Y,10
Kaasjaver 1997,JASN,Human,6 Healthy male subjects,ET1,90,min,Output,MAP,Abs,96.98178,2.96127,mmHg,mean_arterial_pressure_MAP,1,Y,10
Kaasjaver 1997,JASN,Human,6 Healthy male subjects,ET1,120,min,Output,MAP,Abs,96.98178,1.86788,mmHg,mean_arterial_pressure_MAP,1,Y,10
Kaasjaver 1997,JASN,Human,6 Healthy male subjects,ET1,150,min,Output,MAP,Abs,97.9385,2.00455,mmHg,mean_arterial_pressure_MAP,1,Y,10
Kaasjaver 1997,JASN,Human,6 Healthy male subjects,ET1,180,min,Output,MAP,Abs,98.98633,1.91344,mmHg,mean_arterial_pressure_MAP,1,Y,10
Kaasjaver 1997,JASN,Human,6 Healthy male subjects,ET1,210,min,Output,MAP,Abs,96.98178,2.09567,mmHg,mean_arterial_pressure_MAP,1,Y,10
Kaasjaver 1997,JASN,Human,6 Healthy male subjects,ET1,240,min,Output,MAP,Abs,96.02506,2.96127,mmHg,mean_arterial_pressure_MAP,1,Y,10
Kaasjaver 1997,JASN,Human,6 Healthy male subjects,ET1,-30,min,Output,MAP,Abs,92.97267,1.86788,mmHg,mean_arterial_pressure_MAP,1,Y,10
Kaasjaver 1997,JASN,Human,6 Healthy male subjects,ET3,0,min,Output,MAP,Abs,92.0615,1.91344,mmHg,mean_arterial_pressure_MAP,1,Y,10
Kaasjaver 1997,JASN,Human,6 Healthy male subjects,ET3,30,min,Output,MAP,Abs,93.97494,2.8246,mmHg,mean_arterial_pressure_MAP,1,Y,10
Kaasjaver 1997,JASN,Human,6 Healthy male subjects,ET3,60,min,Output,MAP,Abs,92.97267,1.91343,mmHg,mean_arterial_pressure_MAP,1,Y,10
Kaasjaver 1997,JASN,Human,6 Healthy male subjects,ET3,90,min,Output,MAP,Abs,93.01822,1.86788,mmHg,mean_arterial_pressure_MAP,1,Y,10
Kaasjaver 1997,JASN,Human,6 Healthy male subjects,ET3,120,min,Output,MAP,Abs,92.0615,2.91572,mmHg,mean_arterial_pressure_MAP,1,Y,10
Kaasjaver 1997,JASN,Human,6 Healthy male subjects,ET3,150,min,Output,MAP,Abs,91.92483,2.05011,mmHg,mean_arterial_pressure_MAP,1,Y,10
Kaasjaver 1997,JASN,Human,6 Healthy male subjects,ET3,180,min,Output,MAP,Abs,91.97039,1.91344,mmHg,mean_arterial_pressure_MAP,1,Y,10
Kaasjaver 1997,JASN,Human,6 Healthy male subjects,ET3,210,min,Output,MAP,Abs,92.97267,2.96127,mmHg,mean_arterial_pressure_MAP,1,Y,10
Kaasjaver 1997,JASN,Human,6 Healthy male subjects,ET3,240,min,Output,MAP,Abs,92.01595,2.00455,mmHg,mean_arterial_pressure_MAP,1,Y,10
Kaasjaver 1997,JASN,Human,6 Healthy male subjects,ET1,-30,min,Output,ERPF,Abs,644.6352,13.5193,ml/min,renal_blood_flow_L_min,600,Y,0.1
Kaasjaver 1997,JASN,Human,6 Healthy male subjects,ET1,0,min,Output,ERPF,Abs,643.9914,11.588,ml/min,renal_blood_flow_L_min,600,Y,0.1
Kaasjaver 1997,JASN,Human,6 Healthy male subjects,ET1,30,min,Output,ERPF,Abs,631.7597,18.6695,ml/min,renal_blood_flow_L_min,600,Y,0.1
Kaasjaver 1997,JASN,Human,6 Healthy male subjects,ET1,60,min,Output,ERPF,Abs,583.4764,18.6695,ml/min,renal_blood_flow_L_min,600,Y,0.1
Kaasjaver 1997,JASN,Human,6 Healthy male subjects,ET1,90,min,Output,ERPF,Abs,540.3433,14.1631,ml/min,renal_blood_flow_L_min,600,Y,0.1
Kaasjaver 1997,JASN,Human,6 Healthy male subjects,ET1,120,min,Output,ERPF,Abs,519.7425,19.3133,ml/min,renal_blood_flow_L_min,600,Y,0.1
Kaasjaver 1997,JASN,Human,6 Healthy male subjects,ET1,150,min,Output,ERPF,Abs,499.7854,18.0258,ml/min,renal_blood_flow_L_min,600,Y,0.1
Kaasjaver 1997,JASN,Human,6 Healthy male subjects,ET1,180,min,Output,ERPF,Abs,483.0472,18.6695,ml/min,renal_blood_flow_L_min,600,Y,0.1
Kaasjaver 1997,JASN,Human,6 Healthy male subjects,ET1,210,min,Output,ERPF,Abs,554.5064,18.0258,ml/min,renal_blood_flow_L_min,600,Y,0.1
Kaasjaver 1997,JASN,Human,6 Healthy male subjects,ET1,240,min,Output,ERPF,Abs,593.7768,18.0258,ml/min,renal_blood_flow_L_min,600,Y,0.1
Kaasjaver 1997,JASN,Human,6 Healthy male subjects,ET1,-30,min,Output,ERPF,Abs,657.5107,24.4635,ml/min,renal_blood_flow_L_min,600,Y,0.1
Kaasjaver 1997,JASN,Human,6 Healthy male subjects,ET3,0,min,Output,ERPF,Abs,634.3348,20.6008,ml/min,renal_blood_flow_L_min,600,Y,0.1
Kaasjaver 1997,JASN,Human,6 Healthy male subjects,ET3,30,min,Output,ERPF,Abs,646.5665,28.97,ml/min,renal_blood_flow_L_min,600,Y,0.1
Kaasjaver 1997,JASN,Human,6 Healthy male subjects,ET3,60,min,Output,ERPF,Abs,641.4163,23.8198,ml/min,renal_blood_flow_L_min,600,Y,0.1
Kaasjaver 1997,JASN,Human,6 Healthy male subjects,ET3,90,min,Output,ERPF,Abs,636.2661,23.176,ml/min,renal_blood_flow_L_min,600,Y,0.1
Kaasjaver 1997,JASN,Human,6 Healthy male subjects,ET3,120,min,Output,ERPF,Abs,643.3476,21.2447,ml/min,renal_blood_flow_L_min,600,Y,0.1
Kaasjaver 1997,JASN,Human,6 Healthy male subjects,ET3,150,min,Output,ERPF,Abs,625.3219,12.8755,ml/min,renal_blood_flow_L_min,600,Y,0.1
Kaasjaver 1997,JASN,Human,6 Healthy male subjects,ET3,180,min,Output,ERPF,Abs,638.1974,27.6824,ml/min,renal_blood_flow_L_min,600,Y,0.1
Kaasjaver 1997,JASN,Human,6 Healthy male subjects,ET3,210,min,Output,ERPF,Abs,632.4034,16.0945,ml/min,renal_blood_flow_L_min,600,Y,0.1
Kaasjaver 1997,JASN,Human,6 Healthy male subjects,ET3,240,min,Output,ERPF,Abs,641.4163,21.8884,ml/min,renal_blood_flow_L_min,600,Y,0.1
Kaasjaver 1997,JASN,Human,6 Healthy male subjects,ET1,-30,min,Output,GFR,Abs,123.0672,3.7815,ml/min,GFR_ml_min,1,Y,40
Kaasjaver 1997,JASN,Human,6 Healthy male subjects,ET1,0,min,Output,GFR,Abs,120.8613,3.9706,ml/min,GFR_ml_min,1,Y,40
Kaasjaver 1997,JASN,Human,6 Healthy male subjects,ET1,30,min,Output,GFR,Abs,117.9622,3.8445,ml/min,GFR_ml_min,1,Y,40
Kaasjaver 1997,JASN,Human,6 Healthy male subjects,ET1,60,min,Output,GFR,Abs,117.9622,5.9244,ml/min,GFR_ml_min,1,Y,40
Kaasjaver 1997,JASN,Human,6 Healthy male subjects,ET1,90,min,Output,GFR,Abs,113.9286,5.9243,ml/min,GFR_ml_min,1,Y,40
Kaasjaver 1997,JASN,Human,6 Healthy male subjects,ET1,120,min,Output,GFR,Abs,111.9118,6.0504,ml/min,GFR_ml_min,1,Y,40
Kaasjaver 1997,JASN,Human,6 Healthy male subjects,ET1,150,min,Output,GFR,Abs,111.0294,6.9328,ml/min,GFR_ml_min,1,Y,40
Kaasjaver 1997,JASN,Human,6 Healthy male subjects,ET1,180,min,Output,GFR,Abs,109.0126,3.9706,ml/min,GFR_ml_min,1,Y,40
Kaasjaver 1997,JASN,Human,6 Healthy male subjects,ET1,210,min,Output,GFR,Abs,113.1092,3.8446,ml/min,GFR_ml_min,1,Y,1
Kaasjaver 1997,JASN,Human,6 Healthy male subjects,ET1,240,min,Output,GFR,Abs,118.9706,4.0336,ml/min,GFR_ml_min,1,Y,1
Kaasjaver 1997,JASN,Human,6 Healthy male subjects,ET1,-30,min,Output,GFR,Abs,125.021,2.9622,ml/min,GFR_ml_min,1,Y,1
Kaasjaver 1997,JASN,Human,6 Healthy male subjects,ET3,0,min,Output,GFR,Abs,126.0294,2.9622,ml/min,GFR_ml_min,1,Y,1
Kaasjaver 1997,JASN,Human,6 Healthy male subjects,ET3,30,min,Output,GFR,Abs,123.8866,3.0252,ml/min,GFR_ml_min,1,Y,1
Kaasjaver 1997,JASN,Human,6 Healthy male subjects,ET3,60,min,Output,GFR,Abs,124.895,3.9075,ml/min,GFR_ml_min,1,Y,1
Kaasjaver 1997,JASN,Human,6 Healthy male subjects,ET3,90,min,Output,GFR,Abs,123.8866,3.0882,ml/min,GFR_ml_min,1,Y,1
Kaasjaver 1997,JASN,Human,6 Healthy male subjects,ET3,120,min,Output,GFR,Abs,123.9496,4.0336,ml/min,GFR_ml_min,1,Y,1
Kaasjaver 1997,JASN,Human,6 Healthy male subjects,ET3,150,min,Output,GFR,Abs,124.895,3.0252,ml/min,GFR_ml_min,1,Y,1
Kaasjaver 1997,JASN,Human,6 Healthy male subjects,ET3,180,min,Output,GFR,Abs,124.0126,2.8992,ml/min,GFR_ml_min,1,Y,1
Kaasjaver 1997,JASN,Human,6 Healthy male subjects,ET3,210,min,Output,GFR,Abs,124.895,3.1512,ml/min,GFR_ml_min,1,Y,1
Kaasjaver 1997,JASN,Human,6 Healthy male subjects,ET3,240,min,Output,GFR,Abs,124.0756,1.7647,ml/min,GFR_ml_min,1,Y,1
Kaasjaver 1997,JASN,Human,6 Healthy male subjects,ET1,-30,min,Output,Na Excretion,Abs,182.15031,39.66597,umol/min,Na_excretion_via_urine,1000,Y,0.1
Kaasjaver 1997,JASN,Human,6 Healthy male subjects,ET1,0,min,Output,Na Excretion,Abs,181.10647,37.57829,umol/min,Na_excretion_via_urine,1000,Y,0.1
Kaasjaver 1997,JASN,Human,6 Healthy male subjects,ET1,30,min,Output,Na Excretion,Abs,186.32568,58.45511,umol/min,Na_excretion_via_urine,1000,Y,0.1
Kaasjaver 1997,JASN,Human,6 Healthy male subjects,ET1,60,min,Output,Na Excretion,Abs,153.9666,35.4906,umol/min,Na_excretion_via_urine,1000,Y,0.1
Kaasjaver 1997,JASN,Human,6 Healthy male subjects,ET1,90,min,Output,Na Excretion,Abs,136.22129,31.83717,umol/min,Na_excretion_via_urine,1000,Y,0.1
Kaasjaver 1997,JASN,Human,6 Healthy male subjects,ET1,120,min,Output,Na Excretion,Abs,125.26096,40.70981,umol/min,Na_excretion_via_urine,1000,Y,0.1
Kaasjaver 1997,JASN,Human,6 Healthy male subjects,ET1,150,min,Output,Na Excretion,Abs,93.4238,53.75783,umol/min,Na_excretion_via_urine,1000,Y,0.1
Kaasjaver 1997,JASN,Human,6 Healthy male subjects,ET1,180,min,Output,Na Excretion,Abs,87.68267,40.18789,umol/min,Na_excretion_via_urine,1000,Y,0.1
Kaasjaver 1997,JASN,Human,6 Healthy male subjects,ET1,210,min,Output,Na Excretion,Abs,140.39666,48.53862,umol/min,Na_excretion_via_urine,1000,Y,0.1
Kaasjaver 1997,JASN,Human,6 Healthy male subjects,ET1,240,min,Output,Na Excretion,Abs,160.22965,24.00835,umol/min,Na_excretion_via_urine,1000,Y,0.1
Kaasjaver 1997,JASN,Human,6 Healthy male subjects,ET1,-30,min,Output,Na Excretion,Abs,171.7119,20.87683,umol/min,Na_excretion_via_urine,1000,Y,0.1
Kaasjaver 1997,JASN,Human,6 Healthy male subjects,ET3,0,min,Output,Na Excretion,Abs,166.49269,19.31107,umol/min,Na_excretion_via_urine,1000,Y,0.1
Kaasjaver 1997,JASN,Human,6 Healthy male subjects,ET3,30,min,Output,Na Excretion,Abs,165.97077,22.96451,umol/min,Na_excretion_via_urine,1000,Y,0.1
Kaasjaver 1997,JASN,Human,6 Healthy male subjects,ET3,60,min,Output,Na Excretion,Abs,165.44885,45.92902,umol/min,Na_excretion_via_urine,1000,Y,0.1
Kaasjaver 1997,JASN,Human,6 Healthy male subjects,ET3,90,min,Output,Na Excretion,Abs,169.1023,25.05219,umol/min,Na_excretion_via_urine,1000,Y,0.1
Kaasjaver 1997,JASN,Human,6 Healthy male subjects,ET3,120,min,Output,Na Excretion,Abs,168.05846,27.66179,umol/min,Na_excretion_via_urine,1000,Y,0.1
Kaasjaver 1997,JASN,Human,6 Healthy male subjects,ET3,150,min,Output,Na Excretion,Abs,167.01461,24.00835,umol/min,Na_excretion_via_urine,1000,Y,0.1
Kaasjaver 1997,JASN,Human,6 Healthy male subjects,ET3,180,min,Output,Na Excretion,Abs,160.22965,26.61795,umol/min,Na_excretion_via_urine,1000,Y,0.1
Kaasjaver 1997,JASN,Human,6 Healthy male subjects,ET3,210,min,Output,Na Excretion,Abs,162.31733,29.74948,umol/min,Na_excretion_via_urine,1000,Y,0.1
Kaasjaver 1997,JASN,Human,6 Healthy male subjects,ET3,240,min,Output,Na Excretion,Abs,162.31733,38.10021,umol/min,Na_excretion_via_urine,1000,Y,0.1
Kaasjaver 1997,JASN,Human,6 Healthy male subjects,ET1,-30,min,Output,Urine Flow,Abs,14.006826,0.982935,ml/min,urine_flow_rate,1000,Y,10
Kaasjaver 1997,JASN,Human,6 Healthy male subjects,ET1,0,min,Output,Urine Flow,Abs,13.897611,1.010239,ml/min,urine_flow_rate,1000,Y,10
Kaasjaver 1997,JASN,Human,6 Healthy male subjects,ET1,30,min,Output,Urine Flow,Abs,13.488055,0.982935,ml/min,urine_flow_rate,1000,Y,10
Kaasjaver 1997,JASN,Human,6 Healthy male subjects,ET1,60,min,Output,Urine Flow,Abs,12.996587,1.938567,ml/min,urine_flow_rate,1000,Y,10
Kaasjaver 1997,JASN,Human,6 Healthy male subjects,ET1,90,min,Output,Urine Flow,Abs,11.904437,1.556314,ml/min,urine_flow_rate,1000,Y,10
Kaasjaver 1997,JASN,Human,6 Healthy male subjects,ET1,120,min,Output,Urine Flow,Abs,10.866894,1.037543,ml/min,urine_flow_rate,1000,Y,10
Kaasjaver 1997,JASN,Human,6 Healthy male subjects,ET1,150,min,Output,Urine Flow,Abs,10.020478,0.928327,ml/min,urine_flow_rate,1000,Y,10
Kaasjaver 1997,JASN,Human,6 Healthy male subjects,ET1,180,min,Output,Urine Flow,Abs,8.982935,1.037543,ml/min,urine_flow_rate,1000,Y,10
Kaasjaver 1997,JASN,Human,6 Healthy male subjects,ET1,210,min,Output,Urine Flow,Abs,11.549488,1.064846,ml/min,urine_flow_rate,1000,Y,10
Kaasjaver 1997,JASN,Human,6 Healthy male subjects,ET1,240,min,Output,Urine Flow,Abs,12.969283,1.993174,ml/min,urine_flow_rate,1000,Y,10
Kaasjaver 1997,JASN,Human,6 Healthy male subjects,ET1,-30,min,Output,Urine Flow,Abs,12.969283,1.064847,ml/min,urine_flow_rate,1000,Y,10
Kaasjaver 1997,JASN,Human,6 Healthy male subjects,ET3,0,min,Output,Urine Flow,Abs,12.914676,1.010239,ml/min,urine_flow_rate,1000,Y,10
Kaasjaver 1997,JASN,Human,6 Healthy male subjects,ET3,30,min,Output,Urine Flow,Abs,12.887372,0.928328,ml/min,urine_flow_rate,1000,Y,10
Kaasjaver 1997,JASN,Human,6 Healthy male subjects,ET3,60,min,Output,Urine Flow,Abs,13.023891,1.037542,ml/min,urine_flow_rate,1000,Y,10
Kaasjaver 1997,JASN,Human,6 Healthy male subjects,ET3,90,min,Output,Urine Flow,Abs,12.532423,0.87372,ml/min,urine_flow_rate,1000,Y,10
Kaasjaver 1997,JASN,Human,6 Healthy male subjects,ET3,120,min,Output,Urine Flow,Abs,13.051195,0.928327,ml/min,urine_flow_rate,1000,Y,10
Kaasjaver 1997,JASN,Human,6 Healthy male subjects,ET3,150,min,Output,Urine Flow,Abs,12.505119,0.955632,ml/min,urine_flow_rate,1000,Y,10
Kaasjaver 1997,JASN,Human,6 Healthy male subjects,ET3,180,min,Output,Urine Flow,Abs,12.013652,0.955631,ml/min,urine_flow_rate,1000,Y,10
Kaasjaver 1997,JASN,Human,6 Healthy male subjects,ET3,210,min,Output,Urine Flow,Abs,12.532423,0.901024,ml/min,urine_flow_rate,1000,Y,10
Kaasjaver 1997,JASN,Human,6 Healthy male subjects,ET3,240,min,Output,Urine Flow,Abs,11.986348,1.283277,ml/min,urine_flow_rate,1000,Y,10
Kaasjaver 1997,JASN,Human,6 Healthy male subjects,ET1,-30,min,Output,FELi,Abs,24.69655,0.97242,%,FELi,1,Y,5
Kaasjaver 1997,JASN,Human,6 Healthy male subjects,ET1,0,min,Output,FELi,Abs,24.48966,1.22068,%,FELi,1,Y,5
Kaasjaver 1997,JASN,Human,6 Healthy male subjects,ET1,30,min,Output,FELi,Abs,24.4069,0.82758,%,FELi,1,Y,5
Kaasjaver 1997,JASN,Human,6 Healthy male subjects,ET1,60,min,Output,FELi,Abs,24.01379,1.07587,%,FELi,1,Y,5
Kaasjaver 1997,JASN,Human,6 Healthy male subjects,ET1,90,min,Output,FELi,Abs,23.2069,0.97241,%,FELi,1,Y,5
Kaasjaver 1997,JASN,Human,6 Healthy male subjects,ET1,120,min,Output,FELi,Abs,22.52414,1.17931,%,FELi,1,Y,5
Kaasjaver 1997,JASN,Human,6 Healthy male subjects,ET1,150,min,Output,FELi,Abs,21.51034,1.0138,%,FELi,1,Y,5
Kaasjaver 1997,JASN,Human,6 Healthy male subjects,ET1,180,min,Output,FELi,Abs,20.91034,1.05518,%,FELi,1,Y,5
Kaasjaver 1997,JASN,Human,6 Healthy male subjects,ET1,210,min,Output,FELi,Abs,22.93793,0.9931,%,FELi,1,Y,5
Kaasjaver 1997,JASN,Human,6 Healthy male subjects,ET1,240,min,Output,FELi,Abs,24.63448,1.03449,%,FELi,1,Y,5
Kaasjaver 1997,JASN,Human,6 Healthy male subjects,ET1,-30,min,Output,FELi,Abs,23.2069,0.86896,%,FELi,1,Y,5
Kaasjaver 1997,JASN,Human,6 Healthy male subjects,ET3,0,min,Output,FELi,Abs,23.2069,0.86896,%,FELi,1,Y,5
Kaasjaver 1997,JASN,Human,6 Healthy male subjects,ET3,30,min,Output,FELi,Abs,22.6069,0.9931,%,FELi,1,Y,5
Kaasjaver 1997,JASN,Human,6 Healthy male subjects,ET3,60,min,Output,FELi,Abs,22.77241,0.99311,%,FELi,1,Y,5
Kaasjaver 1997,JASN,Human,6 Healthy male subjects,ET3,90,min,Output,FELi,Abs,22.85517,1.03449,%,FELi,1,Y,5
Kaasjaver 1997,JASN,Human,6 Healthy male subjects,ET3,120,min,Output,FELi,Abs,22.75172,1.09656,%,FELi,1,Y,5
Kaasjaver 1997,JASN,Human,6 Healthy male subjects,ET3,150,min,Output,FELi,Abs,22.50345,1.28276,%,FELi,1,Y,5
Kaasjaver 1997,JASN,Human,6 Healthy male subjects,ET3,180,min,Output,FELi,Abs,22.56552,1.42758,%,FELi,1,Y,5
Kaasjaver 1997,JASN,Human,6 Healthy male subjects,ET3,210,min,Output,FELi,Abs,23,1.44828,%,FELi,1,Y,5
Kaasjaver 1997,JASN,Human,6 Healthy male subjects,ET3,240,min,Output,FELi,Abs,23.14483,1.53103,%,FELi,1,Y,5
Kaasjaver 1997,JASN,Human,6 Healthy male subjects,ET1,-30,min,Output,FENA,Abs,1.0014235,0.1309608,%,FENA,1,Y,10
Kaasjaver 1997,JASN,Human,6 Healthy male subjects,ET1,0,min,Output,FENA,Abs,0.941637,0.1992883,%,FENA,1,Y,10
Kaasjaver 1997,JASN,Human,6 Healthy male subjects,ET1,30,min,Output,FENA,Abs,0.9017794,0.1992882,%,FENA,1,Y,10
Kaasjaver 1997,JASN,Human,6 Healthy male subjects,ET1,60,min,Output,FENA,Abs,0.8476868,0.12242,%,FENA,1,Y,10
Kaasjaver 1997,JASN,Human,6 Healthy male subjects,ET1,90,min,Output,FENA,Abs,0.7879004,0.1765124,%,FENA,1,Y,10
Kaasjaver 1997,JASN,Human,6 Healthy male subjects,ET1,120,min,Output,FENA,Abs,0.7423488,0.105338,%,FENA,1,Y,10
Kaasjaver 1997,JASN,Human,6 Healthy male subjects,ET1,150,min,Output,FENA,Abs,0.6341637,0.2021352,%,FENA,1,Y,10
Kaasjaver 1997,JASN,Human,6 Healthy male subjects,ET1,180,min,Output,FENA,Abs,0.6,0.1053381,%,FENA,1,Y,10
Kaasjaver 1997,JASN,Human,6 Healthy male subjects,ET1,210,min,Output,FENA,Abs,0.8818505,0.2078292,%,FENA,1,Y,10
Kaasjaver 1997,JASN,Human,6 Healthy male subjects,ET1,240,min,Output,FENA,Abs,0.9957295,0.0967972,%,FENA,1,Y,10
Kaasjaver 1997,JASN,Human,6 Healthy male subjects,ET1,-30,min,Output,FENA,Abs,0.9957295,0.2021353,%,FENA,1,Y,10
Kaasjaver 1997,JASN,Human,6 Healthy male subjects,ET3,0,min,Output,FENA,Abs,0.9871886,0.1907473,%,FENA,1,Y,10
Kaasjaver 1997,JASN,Human,6 Healthy male subjects,ET3,30,min,Output,FENA,Abs,0.9587189,0.1935943,%,FENA,1,Y,10
Kaasjaver 1997,JASN,Human,6 Healthy male subjects,ET3,60,min,Output,FENA,Abs,0.9814947,0.1935943,%,FENA,1,Y,10
Kaasjaver 1997,JASN,Human,6 Healthy male subjects,ET3,90,min,Output,FENA,Abs,0.9729537,0.1879004,%,FENA,1,Y,10
Kaasjaver 1997,JASN,Human,6 Healthy male subjects,ET3,120,min,Output,FENA,Abs,1.0014235,0.2932384,%,FENA,1,Y,10
Kaasjaver 1997,JASN,Human,6 Healthy male subjects,ET3,150,min,Output,FENA,Abs,1.0498221,0.1935943,%,FENA,1,Y,10
Kaasjaver 1997,JASN,Human,6 Healthy male subjects,ET3,180,min,Output,FENA,Abs,0.9843416,0.2875445,%,FENA,1,Y,10
Kaasjaver 1997,JASN,Human,6 Healthy male subjects,ET3,210,min,Output,FENA,Abs,0.9814947,0.1907473,%,FENA,1,Y,10
Kaasjaver 1997,JASN,Human,6 Healthy male subjects,ET3,240,min,Output,FENA,Abs,0.9985765,0.2960854,%,FENA,1,Y,10
Hunter2017,Hypertension,Human,10 healthy crossover study,BigET1,0,min,Input,BigET_infusion_rate,Abs,0.75,NA,pmol/min,NA,NA,N,NA
Hunter2017,Hypertension,Human,11 healthy crossover study,BigET1,30,min,Input,BigET_infusion_rate,Abs,15,NA,pmol/min,NA,NA,N,NA
Hunter2017,Hypertension,Human,12 healthy crossover study,BigET1,60,min,Input,BigET_infusion_rate,Abs,300,NA,pmol/min,NA,NA,N,NA
Hunter2017,Hypertension,Human,13 healthy crossover study,BigET1,90,min,Input,BigET_infusion_rate,Abs,0,NA,pmol/min,NA,NA,N,NA
Hunter2017,Hypertension,Human,10 healthy crossover study,Placebo,0,min,Output,UNaV,ChangeFromBaseline,0,0,umol/min,Na_excretion_via_urine,1000,Y,1.00E-04
Hunter2017,Hypertension,Human,10 healthy crossover study,Placebo,30,min,Output,UNaV,ChangeFromBaseline,-12.827,10.8,umol/min,Na_excretion_via_urine,1000,Y,1.00E-04
Hunter2017,Hypertension,Human,10 healthy crossover study,Placebo,60,min,Output,UNaV,ChangeFromBaseline,-18.90295,5.39705,umol/min,Na_excretion_via_urine,1000,Y,1.00E-04
Hunter2017,Hypertension,Human,10 healthy crossover study,Placebo,90,min,Output,UNaV,ChangeFromBaseline,-41.18143,13.15857,umol/min,Na_excretion_via_urine,1000,Y,1.00E-04
Hunter2017,Hypertension,Human,10 healthy crossover study,Placebo,120,min,Output,UNaV,ChangeFromBaseline,-32.06751,15.18249,umol/min,Na_excretion_via_urine,1000,Y,1.00E-04
Hunter2017,Hypertension,Human,10 healthy crossover study,Placebo,150,min,Output,UNaV,ChangeFromBaseline,4.725738,10.455738,umol/min,Na_excretion_via_urine,1000,Y,1.00E-04
Hunter2017,Hypertension,Human,10 healthy crossover study,BigET1,0,min,Output,UNaV,ChangeFromBaseline,0,0,umol/min,Na_excretion_via_urine,1000,Y,1.00E-04
Hunter2017,Hypertension,Human,10 healthy crossover study,BigET1,30,min,Output,UNaV,ChangeFromBaseline,12.827,6.743,umol/min,Na_excretion_via_urine,1000,Y,1.00E-04
Hunter2017,Hypertension,Human,10 healthy crossover study,BigET1,60,min,Output,UNaV,ChangeFromBaseline,27.67932,24.30068,umol/min,Na_excretion_via_urine,1000,Y,1.00E-04
Hunter2017,Hypertension,Human,10 healthy crossover study,BigET1,90,min,Output,UNaV,ChangeFromBaseline,31.39241,19.20759,umol/min,Na_excretion_via_urine,1000,Y,1.00E-04
Hunter2017,Hypertension,Human,10 healthy crossover study,BigET1,120,min,Output,UNaV,ChangeFromBaseline,47.25738,20.25262,umol/min,Na_excretion_via_urine,1000,Y,1.00E-04
Hunter2017,Hypertension,Human,10 healthy crossover study,BigET1,150,min,Output,UNaV,ChangeFromBaseline,40.84388,9.44612,umol/min,Na_excretion_via_urine,1000,Y,1.00E-04
Hunter2017,Hypertension,Human,10 healthy crossover study,BigET1,0,min,Output,UNaV,Plac_adj_ChangeFromBaseline,0,0,umol/min,Na_excretion_via_urine,1000,Y,1.00E-04
Hunter2017,Hypertension,Human,10 healthy crossover study,BigET1,30,min,Output,UNaV,Plac_adj_ChangeFromBaseline,25.654,6.743,umol/min,Na_excretion_via_urine,1000,Y,1.00E-04
Hunter2017,Hypertension,Human,10 healthy crossover study,BigET1,60,min,Output,UNaV,Plac_adj_ChangeFromBaseline,46.58227,24.30068,umol/min,Na_excretion_via_urine,1000,Y,1.00E-04
Hunter2017,Hypertension,Human,10 healthy crossover study,BigET1,90,min,Output,UNaV,Plac_adj_ChangeFromBaseline,72.57384,19.20759,umol/min,Na_excretion_via_urine,1000,Y,1.00E-04
Hunter2017,Hypertension,Human,10 healthy crossover study,BigET1,120,min,Output,UNaV,Plac_adj_ChangeFromBaseline,79.32489,20.25262,umol/min,Na_excretion_via_urine,1000,Y,1.00E-04
Hunter2017,Hypertension,Human,10 healthy crossover study,BigET1,150,min,Output,UNaV,Plac_adj_ChangeFromBaseline,36.118142,9.44612,umol/min,Na_excretion_via_urine,1000,Y,1.00E-04
Hunter2017,Hypertension,Human,10 healthy crossover study,Placebo,0,min,Output,FENA,ChangeFromBaseline,0,0,%,FENA,1,Y,1
Hunter2017,Hypertension,Human,10 healthy crossover study,Placebo,30,min,Output,FENA,ChangeFromBaseline,0.036036036,0.06966967,%,FENA,1,Y,1
Hunter2017,Hypertension,Human,10 healthy crossover study,Placebo,60,min,Output,FENA,ChangeFromBaseline,0.064864865,0.057657658,%,FENA,1,Y,1
Hunter2017,Hypertension,Human,10 healthy crossover study,Placebo,90,min,Output,FENA,ChangeFromBaseline,0.007207207,0.052852853,%,FENA,1,Y,1
Hunter2017,Hypertension,Human,10 healthy crossover study,Placebo,120,min,Output,FENA,ChangeFromBaseline,-0.016816817,0.069669669,%,FENA,1,Y,1
Hunter2017,Hypertension,Human,10 healthy crossover study,Placebo,150,min,Output,FENA,ChangeFromBaseline,0.074474474,0.05045045,%,FENA,1,Y,1
Hunter2017,Hypertension,Human,10 healthy crossover study,BigET1,0,min,Output,FENA,ChangeFromBaseline,0,0,%,FENA,1,Y,1
Hunter2017,Hypertension,Human,10 healthy crossover study,BigET1,30,min,Output,FENA,ChangeFromBaseline,0.06966967,0.033633633,%,FENA,1,Y,1
Hunter2017,Hypertension,Human,10 healthy crossover study,BigET1,60,min,Output,FENA,ChangeFromBaseline,0.146546547,0.033633633,%,FENA,1,Y,1
Hunter2017,Hypertension,Human,10 healthy crossover study,BigET1,90,min,Output,FENA,ChangeFromBaseline,0.281081081,0.055255255,%,FENA,1,Y,1
Hunter2017,Hypertension,Human,10 healthy crossover study,BigET1,120,min,Output,FENA,ChangeFromBaseline,0.535735736,0.201801802,%,FENA,1,Y,1
Hunter2017,Hypertension,Human,10 healthy crossover study,BigET1,150,min,Output,FENA,ChangeFromBaseline,0.37957958,0.069669669,%,FENA,1,Y,1
Hunter2017,Hypertension,Human,10 healthy crossover study,BigET1,0,min,Output,FENA,Plac_adj_ChangeFromBaseline,0,0,%,FENA,1,Y,1
Hunter2017,Hypertension,Human,10 healthy crossover study,BigET1,30,min,Output,FENA,Plac_adj_ChangeFromBaseline,0.033633634,0.033633633,%,FENA,1,Y,1
Hunter2017,Hypertension,Human,10 healthy crossover study,BigET1,60,min,Output,FENA,Plac_adj_ChangeFromBaseline,0.081681682,0.033633633,%,FENA,1,Y,1
Hunter2017,Hypertension,Human,10 healthy crossover study,BigET1,90,min,Output,FENA,Plac_adj_ChangeFromBaseline,0.273873874,0.055255255,%,FENA,1,Y,1
Hunter2017,Hypertension,Human,10 healthy crossover study,BigET1,120,min,Output,FENA,Plac_adj_ChangeFromBaseline,0.552552553,0.201801802,%,FENA,1,Y,1
Hunter2017,Hypertension,Human,10 healthy crossover study,BigET1,150,min,Output,FENA,Plac_adj_ChangeFromBaseline,0.305105106,0.069669669,%,FENA,1,Y,1
Hunter2017,Hypertension,Human,10 healthy crossover study,Placebo,0,min,Output,FWC,ChangeFromBaseline,0,0,ml/min,free_water_clearance,1000,Y,1
Hunter2017,Hypertension,Human,10 healthy crossover study,Placebo,30,min,Output,FWC,ChangeFromBaseline,-0.296934866,0.239463601,ml/min,free_water_clearance,1000,Y,1
Hunter2017,Hypertension,Human,10 healthy crossover study,Placebo,60,min,Output,FWC,ChangeFromBaseline,0.143678161,0.30651341,ml/min,free_water_clearance,1000,Y,1
Hunter2017,Hypertension,Human,10 healthy crossover study,Placebo,90,min,Output,FWC,ChangeFromBaseline,-0.296934866,0.249042145,ml/min,free_water_clearance,1000,Y,1
Hunter2017,Hypertension,Human,10 healthy crossover study,Placebo,120,min,Output,FWC,ChangeFromBaseline,-0.172413793,0.316091954,ml/min,free_water_clearance,1000,Y,1
Hunter2017,Hypertension,Human,10 healthy crossover study,Placebo,150,min,Output,FWC,ChangeFromBaseline,-0.929118774,0.335249042,ml/min,free_water_clearance,1000,Y,1
Hunter2017,Hypertension,Human,10 healthy crossover study,BigET1,0,min,Output,FWC,ChangeFromBaseline,0,0,ml/min,free_water_clearance,1000,Y,1
Hunter2017,Hypertension,Human,10 healthy crossover study,BigET1,30,min,Output,FWC,ChangeFromBaseline,0.411877395,0.191570881,ml/min,free_water_clearance,1000,Y,1
Hunter2017,Hypertension,Human,10 healthy crossover study,BigET1,60,min,Output,FWC,ChangeFromBaseline,1.302681992,0.239463602,ml/min,free_water_clearance,1000,Y,1
Hunter2017,Hypertension,Human,10 healthy crossover study,BigET1,90,min,Output,FWC,ChangeFromBaseline,0.804597701,0.316091954,ml/min,free_water_clearance,1000,Y,1
Hunter2017,Hypertension,Human,10 healthy crossover study,BigET1,120,min,Output,FWC,ChangeFromBaseline,1.417624521,0.641762452,ml/min,free_water_clearance,1000,Y,1
Hunter2017,Hypertension,Human,10 healthy crossover study,BigET1,150,min,Output,FWC,ChangeFromBaseline,0.392720307,0.881226053,ml/min,free_water_clearance,1000,Y,1
Hunter2017,Hypertension,Human,10 healthy crossover study,BigET1,0,min,Output,FWC,Plac_adj_ChangeFromBaseline,0,0,ml/min,free_water_clearance,1000,Y,1
Hunter2017,Hypertension,Human,10 healthy crossover study,BigET1,30,min,Output,FWC,Plac_adj_ChangeFromBaseline,0.708812261,0.191570881,ml/min,free_water_clearance,1000,Y,1
Hunter2017,Hypertension,Human,10 healthy crossover study,BigET1,60,min,Output,FWC,Plac_adj_ChangeFromBaseline,1.159003831,0.239463602,ml/min,free_water_clearance,1000,Y,1
Hunter2017,Hypertension,Human,10 healthy crossover study,BigET1,90,min,Output,FWC,Plac_adj_ChangeFromBaseline,1.101532567,0.316091954,ml/min,free_water_clearance,1000,Y,1
Hunter2017,Hypertension,Human,10 healthy crossover study,BigET1,120,min,Output,FWC,Plac_adj_ChangeFromBaseline,1.590038314,0.641762452,ml/min,free_water_clearance,1000,Y,1
Hunter2017,Hypertension,Human,10 healthy crossover study,BigET1,150,min,Output,FWC,Plac_adj_ChangeFromBaseline,1.321839081,0.881226053,ml/min,free_water_clearance,1000,Y,1
Hunter2017,Hypertension,Human,10 healthy crossover study,BigET1,0,min,Output,Plasma ET1,ChangeFromBaseline,0,0,pg/ml,ET1_cent,0.401445203,Y,1
Hunter2017,Hypertension,Human,10 healthy crossover study,BigET1,30,min,Output,Plasma ET1,ChangeFromBaseline,-0.057831325,0.031325301,pg/ml,ET1_cent,0.401445203,Y,1
Hunter2017,Hypertension,Human,10 healthy crossover study,BigET1,60,min,Output,Plasma ET1,ChangeFromBaseline,0.053012048,0.055421687,pg/ml,ET1_cent,0.401445203,Y,1
Hunter2017,Hypertension,Human,10 healthy crossover study,BigET1,90,min,Output,Plasma ET1,ChangeFromBaseline,1.657831325,0.084337349,pg/ml,ET1_cent,0.401445203,Y,1
Hunter2017,Hypertension,Human,10 healthy crossover study,BigET1,120,min,Output,Plasma ET1,ChangeFromBaseline,1.089156627,0.14939759,pg/ml,ET1_cent,0.401445203,Y,1
Hunter2017,Hypertension,Human,10 healthy crossover study,BigET1,150,min,Output,Plasma ET1,ChangeFromBaseline,0.838554217,0.342168675,pg/ml,ET1_cent,0.401445203,Y,1
Bohm2003,Clinical Science,Human,6 healthy men,Placebo,0,min,Output,RBF,PercentChangeFromBaseline,0.043351706,0,%,renal_blood_flow_L_min,1,Y,1
Bohm2003,Clinical Science,Human,6 healthy men,Placebo,15,min,Output,RBF,PercentChangeFromBaseline,0.335939597,2.79370781,%,renal_blood_flow_L_min,1,Y,1
Bohm2003,Clinical Science,Human,6 healthy men,Placebo,30,min,Output,RBF,PercentChangeFromBaseline,-0.327960818,2.722074276,%,renal_blood_flow_L_min,1,Y,1
Bohm2003,Clinical Science,Human,6 healthy men,Placebo,40,min,Output,RBF,PercentChangeFromBaseline,-13.87949774,2.149006007,%,renal_blood_flow_L_min,1,Y,1
Bohm2003,Clinical Science,Human,6 healthy men,Placebo,50,min,Output,RBF,PercentChangeFromBaseline,-17.97561467,3.151669041,%,renal_blood_flow_L_min,1,Y,1
Bohm2003,Clinical Science,Human,6 healthy men,Placebo,60,min,Output,RBF,PercentChangeFromBaseline,-14.76490473,1.719204806,%,renal_blood_flow_L_min,1,Y,1
Bohm2003,Clinical Science,Human,6 healthy men,Placebo,110,min,Output,RBF,PercentChangeFromBaseline,-14.32849755,2.507380112,%,renal_blood_flow_L_min,1,Y,1
Bohm2003,Clinical Science,Human,6 healthy men,BQ788,0,min,Output,RBF,PercentChangeFromBaseline,0.04314527,0,%,renal_blood_flow_L_min,1,Y,1
Bohm2003,Clinical Science,Human,6 healthy men,BQ788,15,min,Output,RBF,PercentChangeFromBaseline,-7.18516856,1.719617679,%,renal_blood_flow_L_min,1,Y,4
Bohm2003,Clinical Science,Human,6 healthy men,BQ788,30,min,Output,RBF,PercentChangeFromBaseline,-9.99848785,0,%,renal_blood_flow_L_min,1,Y,4
Bohm2003,Clinical Science,Human,6 healthy men,BQ788,40,min,Output,RBF,PercentChangeFromBaseline,-28.27804443,4.512706179,%,renal_blood_flow_L_min,1,Y,4
Bohm2003,Clinical Science,Human,6 healthy men,BQ788,50,min,Output,RBF,PercentChangeFromBaseline,-28.29063706,6.662125059,%,renal_blood_flow_L_min,1,Y,2
Bohm2003,Clinical Science,Human,6 healthy men,BQ788,60,min,Output,RBF,PercentChangeFromBaseline,-28.59017671,2.220845978,%,renal_blood_flow_L_min,1,Y,2
Bohm2003,Clinical Science,Human,6 healthy men,BQ788,110,min,Output,RBF,PercentChangeFromBaseline,-22.63819389,1.647571272,%,renal_blood_flow_L_min,1,Y,2
Bohm2003,Clinical Science,Human,6 healthy men,BQ123,0,min,Output,RBF,PercentChangeFromBaseline,-0.028488264,0,%,renal_blood_flow_L_min,1,Y,1
Bohm2003,Clinical Science,Human,6 healthy men,BQ123,15,min,Output,RBF,PercentChangeFromBaseline,2.270045003,2.579220082,%,renal_blood_flow_L_min,1,Y,1
Bohm2003,Clinical Science,Human,6 healthy men,BQ123,30,min,Output,RBF,PercentChangeFromBaseline,3.755150596,2.86554778,%,renal_blood_flow_L_min,1,Y,1
Bohm2003,Clinical Science,Human,6 healthy men,BQ123,40,min,Output,RBF,PercentChangeFromBaseline,-4.924893169,1.360211391,%,renal_blood_flow_L_min,1,Y,1
Bohm2003,Clinical Science,Human,6 healthy men,BQ123,50,min,Output,RBF,PercentChangeFromBaseline,-6.012608121,2.578807209,%,renal_blood_flow_L_min,1,Y,1
Bohm2003,Clinical Science,Human,6 healthy men,BQ123,60,min,Output,RBF,PercentChangeFromBaseline,-2.587410458,3.223715448,%,renal_blood_flow_L_min,1,Y,1
Bohm2003,Clinical Science,Human,6 healthy men,BQ123,110,min,Output,RBF,PercentChangeFromBaseline,-4.228169319,2.650440742,%,renal_blood_flow_L_min,1,Y,1
Bohm2003,Clinical Science,Human,6 healthy men,Placebo,0,min,Output,RVR,PercentChangeFromBaseline,0.163398693,0,%,renal_vascular_resistance,1,Y,1
Bohm2003,Clinical Science,Human,6 healthy men,Placebo,15,min,Output,RVR,PercentChangeFromBaseline,-0.934640523,3.758169935,%,renal_vascular_resistance,1,Y,1
Bohm2003,Clinical Science,Human,6 healthy men,Placebo,30,min,Output,RVR,PercentChangeFromBaseline,0.862745098,7.843137255,%,renal_vascular_resistance,1,Y,1
Bohm2003,Clinical Science,Human,6 healthy men,Placebo,40,min,Output,RVR,PercentChangeFromBaseline,21.2875817,4.08496732,%,renal_vascular_resistance,1,Y,1
Bohm2003,Clinical Science,Human,6 healthy men,Placebo,50,min,Output,RVR,PercentChangeFromBaseline,30.60130719,6.535947712,%,renal_vascular_resistance,1,Y,1
Bohm2003,Clinical Science,Human,6 healthy men,Placebo,60,min,Output,RVR,PercentChangeFromBaseline,22.75816993,4.248366013,%,renal_vascular_resistance,1,Y,1
Bohm2003,Clinical Science,Human,6 healthy men,Placebo,110,min,Output,RVR,PercentChangeFromBaseline,22.10457516,4.08496732,%,renal_vascular_resistance,1,Y,1
Bohm2003,Clinical Science,Human,6 healthy men,BQ788,0,min,Output,RVR,PercentChangeFromBaseline,0.163398693,0,%,renal_vascular_resistance,1,Y,1
Bohm2003,Clinical Science,Human,6 healthy men,BQ788,15,min,Output,RVR,PercentChangeFromBaseline,15.56862745,5.555555556,%,renal_vascular_resistance,1,Y,4
Bohm2003,Clinical Science,Human,6 healthy men,BQ788,30,min,Output,RVR,PercentChangeFromBaseline,15.40522876,5.392156863,%,renal_vascular_resistance,1,Y,4
Bohm2003,Clinical Science,Human,6 healthy men,BQ788,40,min,Output,RVR,PercentChangeFromBaseline,56.41830065,11.4379085,%,renal_vascular_resistance,1,Y,4
Bohm2003,Clinical Science,Human,6 healthy men,BQ788,50,min,Output,RVR,PercentChangeFromBaseline,60.99346405,14.21568627,%,renal_vascular_resistance,1,Y,2
Bohm2003,Clinical Science,Human,6 healthy men,BQ788,60,min,Output,RVR,PercentChangeFromBaseline,58.70588235,6.699346405,%,renal_vascular_resistance,1,Y,2
Bohm2003,Clinical Science,Human,6 healthy men,BQ788,110,min,Output,RVR,PercentChangeFromBaseline,41.22222222,4.575163399,%,renal_vascular_resistance,1,Y,2
Bohm2003,Clinical Science,Human,6 healthy men,BQ123,0,min,Output,RVR,PercentChangeFromBaseline,0.326797386,0,%,renal_vascular_resistance,1,Y,1
Bohm2003,Clinical Science,Human,6 healthy men,BQ123,15,min,Output,RVR,PercentChangeFromBaseline,-6.816993464,4.248366013,%,renal_vascular_resistance,1,Y,1
Bohm2003,Clinical Science,Human,6 healthy men,BQ123,30,min,Output,RVR,PercentChangeFromBaseline,-2.732026144,12.74509804,%,renal_vascular_resistance,1,Y,1
Bohm2003,Clinical Science,Human,6 healthy men,BQ123,40,min,Output,RVR,PercentChangeFromBaseline,4.62091503,5.065359477,%,renal_vascular_resistance,1,Y,1
Bohm2003,Clinical Science,Human,6 healthy men,BQ123,50,min,Output,RVR,PercentChangeFromBaseline,5.60130719,2.777777778,%,renal_vascular_resistance,1,Y,1
Bohm2003,Clinical Science,Human,6 healthy men,BQ123,60,min,Output,RVR,PercentChangeFromBaseline,-2.895424837,4.08496732,%,renal_vascular_resistance,1,Y,1
Bohm2003,Clinical Science,Human,6 healthy men,BQ123,110,min,Output,RVR,PercentChangeFromBaseline,-0.281045752,6.209150327,%,renal_vascular_resistance,1,Y,1
Bohm2003,Clinical Science,Human,6 healthy men,Placebo,0,min,Output,MAP,ChangeFromBaseline,0,4,mmHg,mean_arterial_pressure_MAP,1,Y,1
Bohm2003,Clinical Science,Human,6 healthy men,Placebo,30,min,Output,MAP,ChangeFromBaseline,2,6,mmHg,mean_arterial_pressure_MAP,1,Y,1
Bohm2003,Clinical Science,Human,6 healthy men,Placebo,40,min,Output,MAP,ChangeFromBaseline,5,5,mmHg,mean_arterial_pressure_MAP,1,Y,1
Bohm2003,Clinical Science,Human,6 healthy men,Placebo,50,min,Output,MAP,ChangeFromBaseline,6,6,mmHg,mean_arterial_pressure_MAP,1,Y,1
Bohm2003,Clinical Science,Human,6 healthy men,Placebo,110,min,Output,MAP,ChangeFromBaseline,4,6,mmHg,mean_arterial_pressure_MAP,1,Y,1
Bohm2003,Clinical Science,Human,6 healthy men,BQ123,0,min,Output,MAP,ChangeFromBaseline,0,4,mmHg,mean_arterial_pressure_MAP,1,Y,1
Bohm2003,Clinical Science,Human,6 healthy men,BQ123,30,min,Output,MAP,ChangeFromBaseline,0,5,mmHg,mean_arterial_pressure_MAP,1,Y,1
Bohm2003,Clinical Science,Human,6 healthy men,BQ123,40,min,Output,MAP,ChangeFromBaseline,0,5,mmHg,mean_arterial_pressure_MAP,1,Y,1
Bohm2003,Clinical Science,Human,6 healthy men,BQ123,50,min,Output,MAP,ChangeFromBaseline,1,5,mmHg,mean_arterial_pressure_MAP,1,Y,1
Bohm2003,Clinical Science,Human,6 healthy men,BQ123,110,min,Output,MAP,ChangeFromBaseline,-1,6,mmHg,mean_arterial_pressure_MAP,1,Y,1
Bohm2003,Clinical Science,Human,6 healthy men,BQ788,0,min,Output,MAP,ChangeFromBaseline,0,5,mmHg,mean_arterial_pressure_MAP,1,Y,2
Bohm2003,Clinical Science,Human,6 healthy men,BQ788,30,min,Output,MAP,ChangeFromBaseline,3,4,mmHg,mean_arterial_pressure_MAP,1,Y,2
Bohm2003,Clinical Science,Human,6 healthy men,BQ788,40,min,Output,MAP,ChangeFromBaseline,8,5,mmHg,mean_arterial_pressure_MAP,1,Y,2
Bohm2003,Clinical Science,Human,6 healthy men,BQ788,50,min,Output,MAP,ChangeFromBaseline,9,5,mmHg,mean_arterial_pressure_MAP,1,Y,2
Bohm2003,Clinical Science,Human,6 healthy men,BQ788,110,min,Output,MAP,ChangeFromBaseline,7,6,mmHg,mean_arterial_pressure_MAP,1,Y,1
Bohm2003,Clinical Science,Human,6 healthy men,Placebo,0,min,Output,CO,Abs,7,0.6,L/min,cardiac_output,1,Y,1
Bohm2003,Clinical Science,Human,6 healthy men,Placebo,30,min,Output,CO,Abs,7.5,1,L/min,cardiac_output,1,Y,1
Bohm2003,Clinical Science,Human,6 healthy men,Placebo,50,min,Output,CO,Abs,6.2,0.5,L/min,cardiac_output,1,Y,1
Bohm2003,Clinical Science,Human,6 healthy men,BQ123,0,min,Output,CO,Abs,7.7,0.4,L/min,cardiac_output,1,Y,1
Bohm2003,Clinical Science,Human,6 healthy men,BQ123,30,min,Output,CO,Abs,8.2,0.4,L/min,cardiac_output,1,Y,1
Bohm2003,Clinical Science,Human,6 healthy men,BQ123,50,min,Output,CO,Abs,9.1,0.6,L/min,cardiac_output,1,Y,1
Bohm2003,Clinical Science,Human,6 healthy men,BQ788,0,min,Output,CO,Abs,7.4,0.8,L/min,cardiac_output,1,Y,2
Bohm2003,Clinical Science,Human,6 healthy men,BQ788,30,min,Output,CO,Abs,7.7,1.5,L/min,cardiac_output,1,Y,2
Bohm2003,Clinical Science,Human,6 healthy men,BQ788,50,min,Output,CO,Abs,6.9,1.1,L/min,cardiac_output,1,Y,2
Bohm2003,Clinical Science,Human,6 healthy men,Placebo,0,min,Output,SVR,Abs,13.2,0.8,mmHg-min/L,cardiac_output,1,Y,1
Bohm2003,Clinical Science,Human,6 healthy men,Placebo,30,min,Output,SVR,Abs,13,1.6,mmHg-min/L,cardiac_output,1,Y,1
Bohm2003,Clinical Science,Human,6 healthy men,Placebo,50,min,Output,SVR,Abs,16.3,1.6,mmHg-min/L,cardiac_output,1,Y,1
Bohm2003,Clinical Science,Human,6 healthy men,BQ123,0,min,Output,SVR,Abs,11.7,0.9,mmHg-min/L,cardiac_output,1,Y,1
Bohm2003,Clinical Science,Human,6 healthy men,BQ123,30,min,Output,SVR,Abs,11,0.5,mmHg-min/L,cardiac_output,1,Y,1
Bohm2003,Clinical Science,Human,6 healthy men,BQ123,50,min,Output,SVR,Abs,10.1,1.1,mmHg-min/L,cardiac_output,1,Y,1
Bohm2003,Clinical Science,Human,6 healthy men,BQ788,0,min,Output,SVR,Abs,12.8,1.5,mmHg-min/L,cardiac_output,1,Y,2
Bohm2003,Clinical Science,Human,6 healthy men,BQ788,30,min,Output,SVR,Abs,13,1.1,mmHg-min/L,cardiac_output,1,Y,2
Bohm2003,Clinical Science,Human,6 healthy men,BQ788,50,min,Output,SVR,Abs,16,2.5,mmHg-min/L,cardiac_output,1,Y,2
Parker1999,JPET,Human,5 healthy volunteers,Labeled ET1,0.5479452,min,Output,Labeled ET1,Abs,8827.575,NA,cpm/L,ET1_cent,1,Y,1
Parker1999,JPET,Human,5 healthy volunteers,Labeled ET1,0.5479452,min,Output,Labeled ET1,Abs,367110.584,NA,cpm/L,ET1_cent,1,Y,1
Parker1999,JPET,Human,5 healthy volunteers,Labeled ET1,1.6438356,min,Output,Labeled ET1,Abs,108830.465,NA,cpm/L,ET1_cent,1,Y,1
Parker1999,JPET,Human,5 healthy volunteers,Labeled ET1,1.6438356,min,Output,Labeled ET1,Abs,245875.733,NA,cpm/L,ET1_cent,1,Y,1
Parker1999,JPET,Human,5 healthy volunteers,Labeled ET1,1.6438356,min,Output,Labeled ET1,Abs,334332.003,NA,cpm/L,ET1_cent,1,Y,1
Parker1999,JPET,Human,5 healthy volunteers,Labeled ET1,1.6438356,min,Output,Labeled ET1,Abs,935376.512,NA,cpm/L,ET1_cent,1,Y,1
Parker1999,JPET,Human,5 healthy volunteers,Labeled ET1,2.1917808,min,Output,Labeled ET1,Abs,460726.232,NA,cpm/L,ET1_cent,1,Y,1
Parker1999,JPET,Human,5 healthy volunteers,Labeled ET1,2.1917808,min,Output,Labeled ET1,Abs,492556.982,NA,cpm/L,ET1_cent,1,Y,1
Parker1999,JPET,Human,5 healthy volunteers,Labeled ET1,2.1917808,min,Output,Labeled ET1,Abs,652098.718,NA,cpm/L,ET1_cent,1,Y,1
Parker1999,JPET,Human,5 healthy volunteers,Labeled ET1,2.1917808,min,Output,Labeled ET1,Abs,755341.13,NA,cpm/L,ET1_cent,1,Y,1
Parker1999,JPET,Human,5 healthy volunteers,Labeled ET1,2.739726,min,Output,Labeled ET1,Abs,136582.959,NA,cpm/L,ET1_cent,1,Y,1
Parker1999,JPET,Human,5 healthy volunteers,Labeled ET1,3.2876712,min,Output,Labeled ET1,Abs,142168.913,NA,cpm/L,ET1_cent,1,Y,1
Parker1999,JPET,Human,5 healthy volunteers,Labeled ET1,3.2876712,min,Output,Labeled ET1,Abs,540848.258,NA,cpm/L,ET1_cent,1,Y,1
Parker1999,JPET,Human,5 healthy volunteers,Labeled ET1,3.2876712,min,Output,Labeled ET1,Abs,562967.805,NA,cpm/L,ET1_cent,1,Y,1
Parker1999,JPET,Human,5 healthy volunteers,Labeled ET1,3.2876712,min,Output,Labeled ET1,Abs,618162.299,NA,cpm/L,ET1_cent,1,Y,1
Parker1999,JPET,Human,5 healthy volunteers,Labeled ET1,3.8356164,min,Output,Labeled ET1,Abs,851858.586,NA,cpm/L,ET1_cent,1,Y,1
Parker1999,JPET,Human,5 healthy volunteers,Labeled ET1,3.8356164,min,Output,Labeled ET1,Abs,973631.428,NA,cpm/L,ET1_cent,1,Y,1
Parker1999,JPET,Human,5 healthy volunteers,Labeled ET1,4.3835616,min,Output,Labeled ET1,Abs,1054898.881,NA,cpm/L,ET1_cent,1,Y,1
Parker1999,JPET,Human,5 healthy volunteers,Labeled ET1,4.9315068,min,Output,Labeled ET1,Abs,643443.826,NA,cpm/L,ET1_cent,1,Y,1
Parker1999,JPET,Human,5 healthy volunteers,Labeled ET1,4.9315068,min,Output,Labeled ET1,Abs,512701.518,NA,cpm/L,ET1_cent,1,Y,1
Parker1999,JPET,Human,5 healthy volunteers,Labeled ET1,4.9315068,min,Output,Labeled ET1,Abs,430952.496,NA,cpm/L,ET1_cent,1,Y,1
Parker1999,JPET,Human,5 healthy volunteers,Labeled ET1,5.4794521,min,Output,Labeled ET1,Abs,796808.513,NA,cpm/L,ET1_cent,1,Y,1
Parker1999,JPET,Human,5 healthy volunteers,Labeled ET1,5.4794521,min,Output,Labeled ET1,Abs,325516.145,NA,cpm/L,ET1_cent,1,Y,1
Parker1999,JPET,Human,5 healthy volunteers,Labeled ET1,5.4794521,min,Output,Labeled ET1,Abs,296451.45,NA,cpm/L,ET1_cent,1,Y,1
Parker1999,JPET,Human,5 healthy volunteers,Labeled ET1,5.4794521,min,Output,Labeled ET1,Abs,209451.354,NA,cpm/L,ET1_cent,1,Y,1
Parker1999,JPET,Human,5 healthy volunteers,Labeled ET1,5.4794521,min,Output,Labeled ET1,Abs,193315.61,NA,cpm/L,ET1_cent,1,Y,1
Parker1999,JPET,Human,5 healthy volunteers,Labeled ET1,5.4794521,min,Output,Labeled ET1,Abs,178422.934,NA,cpm/L,ET1_cent,1,Y,1
Parker1999,JPET,Human,5 healthy volunteers,Labeled ET1,6.0273973,min,Output,Labeled ET1,Abs,935376.512,NA,cpm/L,ET1_cent,1,Y,1
Parker1999,JPET,Human,5 healthy volunteers,Labeled ET1,6.0273973,min,Output,Labeled ET1,Abs,259374.035,NA,cpm/L,ET1_cent,1,Y,1
Parker1999,JPET,Human,5 healthy volunteers,Labeled ET1,8.2191781,min,Output,Labeled ET1,Abs,223921.973,NA,cpm/L,ET1_cent,1,Y,1
Parker1999,JPET,Human,5 healthy volunteers,Labeled ET1,8.2191781,min,Output,Labeled ET1,Abs,188218.154,NA,cpm/L,ET1_cent,1,Y,1
Parker1999,JPET,Human,5 healthy volunteers,Labeled ET1,8.2191781,min,Output,Labeled ET1,Abs,158207.222,NA,cpm/L,ET1_cent,1,Y,1
Parker1999,JPET,Human,5 healthy volunteers,Labeled ET1,8.7671233,min,Output,Labeled ET1,Abs,116349.367,NA,cpm/L,ET1_cent,1,Y,1
Parker1999,JPET,Human,5 healthy volunteers,Labeled ET1,9.3150685,min,Output,Labeled ET1,Abs,226933.922,NA,cpm/L,ET1_cent,1,Y,1
Parker1999,JPET,Human,5 healthy volunteers,Labeled ET1,9.3150685,min,Output,Labeled ET1,Abs,147983.32,NA,cpm/L,ET1_cent,1,Y,1
Parker1999,JPET,Human,5 healthy volunteers,Labeled ET1,9.8630137,min,Output,Labeled ET1,Abs,122736.817,NA,cpm/L,ET1_cent,1,Y,1
Parker1999,JPET,Human,5 healthy volunteers,Labeled ET1,10.9589041,min,Output,Labeled ET1,Abs,142168.913,NA,cpm/L,ET1_cent,1,Y,1
Parker1999,JPET,Human,5 healthy volunteers,Labeled ET1,10.9589041,min,Output,Labeled ET1,Abs,131216.483,NA,cpm/L,ET1_cent,1,Y,1
Parker1999,JPET,Human,5 healthy volunteers,Labeled ET1,10.9589041,min,Output,Labeled ET1,Abs,104554.411,NA,cpm/L,ET1_cent,1,Y,1
Parker1999,JPET,Human,5 healthy volunteers,Labeled ET1,11.5068493,min,Output,Labeled ET1,Abs,173718.176,NA,cpm/L,ET1_cent,1,Y,1
Parker1999,JPET,Human,5 healthy volunteers,Labeled ET1,11.5068493,min,Output,Labeled ET1,Abs,110294.331,NA,cpm/L,ET1_cent,1,Y,1
Parker1999,JPET,Human,5 healthy volunteers,Labeled ET1,12.0547945,min,Output,Labeled ET1,Abs,78974.247,NA,cpm/L,ET1_cent,1,Y,1
Parker1999,JPET,Human,5 healthy volunteers,Labeled ET1,12.6027397,min,Output,Labeled ET1,Abs,86717.041,NA,cpm/L,ET1_cent,1,Y,1
Parker1999,JPET,Human,5 healthy volunteers,Labeled ET1,13.1506849,min,Output,Labeled ET1,Abs,104554.411,NA,cpm/L,ET1_cent,1,Y,1
Parker1999,JPET,Human,5 healthy volunteers,Labeled ET1,13.1506849,min,Output,Labeled ET1,Abs,92708.166,NA,cpm/L,ET1_cent,1,Y,1
Parker1999,JPET,Human,5 healthy volunteers,Labeled ET1,13.6986301,min,Output,Labeled ET1,Abs,117914.369,NA,cpm/L,ET1_cent,1,Y,1
Parker1999,JPET,Human,5 healthy volunteers,Labeled ET1,13.6986301,min,Output,Labeled ET1,Abs,97797.74,NA,cpm/L,ET1_cent,1,Y,1
Parker1999,JPET,Human,5 healthy volunteers,Labeled ET1,14.2465753,min,Output,Labeled ET1,Abs,124387.736,NA,cpm/L,ET1_cent,1,Y,1
Parker1999,JPET,Human,5 healthy volunteers,Labeled ET1,14.2465753,min,Output,Labeled ET1,Abs,75871.273,NA,cpm/L,ET1_cent,1,Y,1
Parker1999,JPET,Human,5 healthy volunteers,Labeled ET1,14.7945205,min,Output,Labeled ET1,Abs,73870.656,NA,cpm/L,ET1_cent,1,Y,1
Parker1999,JPET,Human,5 healthy volunteers,Labeled ET1,14.7945205,min,Output,Labeled ET1,Abs,70968.206,NA,cpm/L,ET1_cent,1,Y,1
Parker1999,JPET,Human,5 healthy volunteers,Labeled ET1,15.890411,min,Output,Labeled ET1,Abs,131216.483,NA,cpm/L,ET1_cent,1,Y,1
Parker1999,JPET,Human,5 healthy volunteers,Labeled ET1,16.4383562,min,Output,Labeled ET1,Abs,126060.862,NA,cpm/L,ET1_cent,1,Y,1
Parker1999,JPET,Human,5 healthy volunteers,Labeled ET1,16.9863014,min,Output,Labeled ET1,Abs,78974.247,NA,cpm/L,ET1_cent,1,Y,1
Parker1999,JPET,Human,5 healthy volunteers,Labeled ET1,17.5342466,min,Output,Labeled ET1,Abs,71922.792,NA,cpm/L,ET1_cent,1,Y,1
Parker1999,JPET,Human,5 healthy volunteers,Labeled ET1,18.630137,min,Output,Labeled ET1,Abs,73870.656,NA,cpm/L,ET1_cent,1,Y,1
Parker1999,JPET,Human,5 healthy volunteers,Labeled ET1,19.7260274,min,Output,Labeled ET1,Abs,96499.733,NA,cpm/L,ET1_cent,1,Y,1
Parker1999,JPET,Human,5 healthy volunteers,Labeled ET1,19.7260274,min,Output,Labeled ET1,Abs,81113.083,NA,cpm/L,ET1_cent,1,Y,1
Parker1999,JPET,Human,5 healthy volunteers,Labeled ET1,19.7260274,min,Output,Labeled ET1,Abs,66381.993,NA,cpm/L,ET1_cent,1,Y,1
Parker1999,JPET,Human,5 healthy volunteers,Labeled ET1,20.2739726,min,Output,Labeled ET1,Abs,101797.46,NA,cpm/L,ET1_cent,1,Y,1
Parker1999,JPET,Human,5 healthy volunteers,Labeled ET1,20.2739726,min,Output,Labeled ET1,Abs,74864.282,NA,cpm/L,ET1_cent,1,Y,1
Parker1999,JPET,Human,5 healthy volunteers,Labeled ET1,20.2739726,min,Output,Labeled ET1,Abs,62092.158,NA,cpm/L,ET1_cent,1,Y,1
Parker1999,JPET,Human,5 healthy volunteers,Labeled ET1,23.5616438,min,Output,Labeled ET1,Abs,74864.282,NA,cpm/L,ET1_cent,1,Y,1
Parker1999,JPET,Human,5 healthy volunteers,Labeled ET1,24.6575342,min,Output,Labeled ET1,Abs,68179.797,NA,cpm/L,ET1_cent,1,Y,1
Parker1999,JPET,Human,5 healthy volunteers,Labeled ET1,24.6575342,min,Output,Labeled ET1,Abs,57308.693,NA,cpm/L,ET1_cent,1,Y,1
Parker1999,JPET,Human,5 healthy volunteers,Labeled ET1,25.7534247,min,Output,Labeled ET1,Abs,52191.713,NA,cpm/L,ET1_cent,1,Y,1
Parker1999,JPET,Human,5 healthy volunteers,Labeled ET1,26.3013699,min,Output,Labeled ET1,Abs,67274.89,NA,cpm/L,ET1_cent,1,Y,1
Parker1999,JPET,Human,5 healthy volunteers,Labeled ET1,31.2328767,min,Output,Labeled ET1,Abs,63773.781,NA,cpm/L,ET1_cent,1,Y,1
Parker1999,JPET,Human,5 healthy volunteers,Labeled ET1,31.7808219,min,Output,Labeled ET1,Abs,59652.497,NA,cpm/L,ET1_cent,1,Y,1
Parker1999,JPET,Human,5 healthy volunteers,Labeled ET1,31.7808219,min,Output,Labeled ET1,Abs,50141.05,NA,cpm/L,ET1_cent,1,Y,1
Parker1999,JPET,Human,5 healthy volunteers,Labeled ET1,31.7808219,min,Output,Labeled ET1,Abs,46900.76,NA,cpm/L,ET1_cent,1,Y,1
Parker1999,JPET,Human,5 healthy volunteers,Labeled ET1,33.4246575,min,Output,Labeled ET1,Abs,41034.846,NA,cpm/L,ET1_cent,1,Y,1
Parker1999,JPET,Human,5 healthy volunteers,Labeled ET1,35.6164384,min,Output,Labeled ET1,Abs,37370.925,NA,cpm/L,ET1_cent,1,Y,1
Parker1999,JPET,Human,5 healthy volunteers,Labeled ET1,35.6164384,min,Output,Labeled ET1,Abs,50141.05,NA,cpm/L,ET1_cent,1,Y,1
Parker1999,JPET,Human,5 healthy volunteers,Labeled ET1,38.9041096,min,Output,Labeled ET1,Abs,31412.221,NA,cpm/L,ET1_cent,1,Y,1
Parker1999,JPET,Human,5 healthy volunteers,Labeled ET1,38.9041096,min,Output,Labeled ET1,Abs,43287.613,NA,cpm/L,ET1_cent,1,Y,1
Parker1999,JPET,Human,5 healthy volunteers,Labeled ET1,39.4520548,min,Output,Labeled ET1,Abs,40490.216,NA,cpm/L,ET1_cent,1,Y,1
Parker1999,JPET,Human,5 healthy volunteers,Labeled ET1,40,min,Output,Labeled ET1,Abs,60454.876,NA,cpm/L,ET1_cent,1,Y,1
Parker1999,JPET,Human,5 healthy volunteers,Labeled ET1,43.8356164,min,Output,Labeled ET1,Abs,48818.902,NA,cpm/L,ET1_cent,1,Y,1
Parker1999,JPET,Human,5 healthy volunteers,Labeled ET1,46.0273973,min,Output,Labeled ET1,Abs,43287.613,NA,cpm/L,ET1_cent,1,Y,1
Parker1999,JPET,Human,5 healthy volunteers,Labeled ET1,46.5753425,min,Output,Labeled ET1,Abs,41034.846,NA,cpm/L,ET1_cent,1,Y,1
Parker1999,JPET,Human,5 healthy volunteers,Labeled ET1,49.3150685,min,Output,Labeled ET1,Abs,27483.47,NA,cpm/L,ET1_cent,1,Y,1
Parker1999,JPET,Human,5 healthy volunteers,Labeled ET1,50.4109589,min,Output,Labeled ET1,Abs,38899.317,NA,cpm/L,ET1_cent,1,Y,1
Parker1999,JPET,Human,5 healthy volunteers,Labeled ET1,50.4109589,min,Output,Labeled ET1,Abs,32696.914,NA,cpm/L,ET1_cent,1,Y,1
Parker1999,JPET,Human,5 healthy volunteers,Labeled ET1,50.9589041,min,Output,Labeled ET1,Abs,36874.925,NA,cpm/L,ET1_cent,1,Y,1
Parker1999,JPET,Human,5 healthy volunteers,Labeled ET1,53.6986301,min,Output,Labeled ET1,Abs,31834.743,NA,cpm/L,ET1_cent,1,Y,1
Parker1999,JPET,Human,5 healthy volunteers,Labeled ET1,57.5342466,min,Output,Labeled ET1,Abs,35902.586,NA,cpm/L,ET1_cent,1,Y,1
Parker1999,JPET,Human,5 healthy volunteers,Labeled ET1,58.0821918,min,Output,Labeled ET1,Abs,31834.743,NA,cpm/L,ET1_cent,1,Y,1
Parker1999,JPET,Human,5 healthy volunteers,Labeled ET1,60.2739726,min,Output,Labeled ET1,Abs,27118.7,NA,cpm/L,ET1_cent,1,Y,1
Parker1999,JPET,Human,5 healthy volunteers,Labeled ET1,69.5890411,min,Output,Labeled ET1,Abs,26758.77,NA,cpm/L,ET1_cent,1,Y,1
Parker1999,JPET,Human,5 healthy volunteers,Labeled ET1,69.5890411,min,Output,Labeled ET1,Abs,23412.03,NA,cpm/L,ET1_cent,1,Y,1
Parker1999,JPET,Human,5 healthy volunteers,Labeled ET1,70.1369863,min,Output,Labeled ET1,Abs,29777.471,NA,cpm/L,ET1_cent,1,Y,1
Parker1999,JPET,Human,5 healthy volunteers,Labeled ET1,70.6849315,min,Output,Labeled ET1,Abs,38383.031,NA,cpm/L,ET1_cent,1,Y,1
Parker1999,JPET,Human,5 healthy volunteers,Labeled ET1,77.8082192,min,Output,Labeled ET1,Abs,26053.18,NA,cpm/L,ET1_cent,1,Y,1
Parker1999,JPET,Human,5 healthy volunteers,Labeled ET1,78.9041096,min,Output,Labeled ET1,Abs,23726.943,NA,cpm/L,ET1_cent,1,Y,1
Parker1999,JPET,Human,5 healthy volunteers,Labeled ET1,88.2191781,min,Output,Labeled ET1,Abs,19943.739,NA,cpm/L,ET1_cent,1,Y,1
Parker1999,JPET,Human,5 healthy volunteers,Labeled ET1,98.0821918,min,Output,Labeled ET1,Abs,25029.525,NA,cpm/L,ET1_cent,1,Y,1
Parker1999,JPET,Human,5 healthy volunteers,Labeled ET1,98.630137,min,Output,Labeled ET1,Abs,21608.411,NA,cpm/L,ET1_cent,1,Y,1
Parker1999,JPET,Human,5 healthy volunteers,Labeled ET1,99.7260274,min,Output,Labeled ET1,Abs,32696.914,NA,cpm/L,ET1_cent,1,Y,1
Parker1999,JPET,Human,5 healthy volunteers,Labeled ET1,100.8219178,min,Output,Labeled ET1,Abs,17921.936,NA,cpm/L,ET1_cent,1,Y,1
Parker1999,JPET,Human,5 healthy volunteers,Labeled ET1,107.9452055,min,Output,Labeled ET1,Abs,15064.326,NA,cpm/L,ET1_cent,1,Y,1
Parker1999,JPET,Human,5 healthy volunteers,Labeled ET1,117.8082192,min,Output,Labeled ET1,Abs,16541.263,NA,cpm/L,ET1_cent,1,Y,1
Parker1999,JPET,Human,5 healthy volunteers,Labeled ET1,118.9041096,min,Output,Labeled ET1,Abs,19417.851,NA,cpm/L,ET1_cent,1,Y,1
Parker1999,JPET,Human,5 healthy volunteers,Labeled ET1,120,min,Output,Labeled ET1,Abs,26758.77,NA,cpm/L,ET1_cent,1,Y,1
Parker1999,JPET,Human,5 healthy volunteers,Labeled ET1,121.0958904,min,Output,Labeled ET1,Abs,21038.628,NA,cpm/L,ET1_cent,1,Y,1
Parker1999,JPET,Human,5 healthy volunteers,Labeled ET1,134.2465753,min,Output,Labeled ET1,Abs,14864.387,NA,cpm/L,ET1_cent,1,Y,1
Parker1999,JPET,Human,5 healthy volunteers,Labeled ET1,147.3972603,min,Output,Labeled ET1,Abs,17684.069,NA,cpm/L,ET1_cent,1,Y,1
Parker1999,JPET,Human,5 healthy volunteers,Labeled ET1,148.4931507,min,Output,Labeled ET1,Abs,19160.13,NA,cpm/L,ET1_cent,1,Y,1
Parker1999,JPET,Human,5 healthy volunteers,Labeled ET1,148.4931507,min,Output,Labeled ET1,Abs,30583.926,NA,cpm/L,ET1_cent,1,Y,1
Parker1999,JPET,Human,5 healthy volunteers,Labeled ET1,149.0410959,min,Output,Labeled ET1,Abs,16763.758,NA,cpm/L,ET1_cent,1,Y,1
Parker1999,JPET,Human,5 healthy volunteers,Labeled ET1,150.1369863,min,Output,Labeled ET1,Abs,24697.324,NA,cpm/L,ET1_cent,1,Y,1
Parker1999,JPET,Human,5 healthy volunteers,Labeled ET1,163.8356164,min,Output,Labeled ET1,Abs,20483.869,NA,cpm/L,ET1_cent,1,Y,1
Parker1999,JPET,Human,5 healthy volunteers,Labeled ET1,179.1780822,min,Output,Labeled ET1,Abs,27483.47,NA,cpm/L,ET1_cent,1,Y,1
Parker1999,JPET,Human,5 healthy volunteers,Labeled ET1,179.1780822,min,Output,Labeled ET1,Abs,18905.83,NA,cpm/L,ET1_cent,1,Y,1
Parker1999,JPET,Human,5 healthy volunteers,Labeled ET1,179.7260274,min,Output,Labeled ET1,Abs,11844.07,NA,cpm/L,ET1_cent,1,Y,1
Parker1999,JPET,Human,5 healthy volunteers,Labeled ET1,180.8219178,min,Output,Labeled ET1,Abs,20212,NA,cpm/L,ET1_cent,1,Y,1
Parker1999,JPET,Human,5 healthy volunteers,Labeled ET1,206.0273973,min,Output,Labeled ET1,Abs,16105.093,NA,cpm/L,ET1_cent,1,Y,1
Parker1999,JPET,Human,5 healthy volunteers,Labeled ET1,208.7671233,min,Output,Labeled ET1,Abs,20759.395,NA,cpm/L,ET1_cent,1,Y,1
Parker1999,JPET,Human,5 healthy volunteers,Labeled ET1,208.7671233,min,Output,Labeled ET1,Abs,42713.084,NA,cpm/L,ET1_cent,1,Y,1
Parker1999,JPET,Human,5 healthy volunteers,Labeled ET1,211.5068493,min,Output,Labeled ET1,Abs,17217.766,NA,cpm/L,ET1_cent,1,Y,1
Parker1999,JPET,Human,5 healthy volunteers,Labeled ET1,236.1643836,min,Output,Labeled ET1,Abs,20759.395,NA,cpm/L,ET1_cent,1,Y,1
Parker1999,JPET,Human,5 healthy volunteers,Labeled ET1,241.0958904,min,Output,Labeled ET1,Abs,14472.434,NA,cpm/L,ET1_cent,1,Y,1
Parker1999,JPET,Human,5 healthy volunteers,Labeled ET1,241.6438356,min,Output,Labeled ET1,Abs,46278.276,NA,cpm/L,ET1_cent,1,Y,1
Parker1999,JPET,Human,5 healthy volunteers,Labeled ET1,241.6438356,min,Output,Labeled ET1,Abs,19943.739,NA,cpm/L,ET1_cent,1,Y,1
Bohm2003,Clinical Science,Human,6 healthy men,Placebo,0,min,Output,ET1,Abs,3.301435,0.574162,pmol/L,ET1_cent,1,Y,1
Bohm2003,Clinical Science,Human,6 healthy men,Placebo,30,min,Output,ET1,Abs,3.588517,0.645933,pmol/L,ET1_cent,1,Y,1
Bohm2003,Clinical Science,Human,6 healthy men,Placebo,40,min,Output,ET1,Abs,8.397129,1.220096,pmol/L,ET1_cent,1,Y,1
Bohm2003,Clinical Science,Human,6 healthy men,Placebo,50,min,Output,ET1,Abs,12.631579,1.794258,pmol/L,ET1_cent,1,Y,1
Bohm2003,Clinical Science,Human,6 healthy men,BQ123,0,min,Output,ET1,Abs,3.229665,0.358852,pmol/L,ET1_cent,1,Y,1
Bohm2003,Clinical Science,Human,6 healthy men,BQ123,15,min,Output,ET1,Abs,3.803828,0.574163,pmol/L,ET1_cent,1,Y,1
Bohm2003,Clinical Science,Human,6 healthy men,BQ123,30,min,Output,ET1,Abs,4.019139,1.076555,pmol/L,ET1_cent,1,Y,1
Bohm2003,Clinical Science,Human,6 healthy men,BQ123,40,min,Output,ET1,Abs,10.909091,1.507177,pmol/L,ET1_cent,1,Y,1
Bohm2003,Clinical Science,Human,6 healthy men,BQ123,50,min,Output,ET1,Abs,14.712919,1.866029,pmol/L,ET1_cent,1,Y,1
Bohm2003,Clinical Science,Human,6 healthy men,BQ788,0,min,Output,ET1,Abs,3.229665,0.645933,pmol/L,ET1_cent,1,Y,1
Bohm2003,Clinical Science,Human,6 healthy men,BQ788,15,min,Output,ET1,Abs,4.019139,0.717703,pmol/L,ET1_cent,1,Y,1
Bohm2003,Clinical Science,Human,6 healthy men,BQ788,30,min,Output,ET1,Abs,4.30622,0.717703,pmol/L,ET1_cent,1,Y,1
Bohm2003,Clinical Science,Human,6 healthy men,BQ788,40,min,Output,ET1,Abs,20.382775,3.803828,pmol/L,ET1_cent,1,Y,1
Bohm2003,Clinical Science,Human,6 healthy men,BQ788,50,min,Output,ET1,Abs,29.066986,5.382775,pmol/L,ET1_cent,1,Y,1
